Current Time,Time Since Program Started (s),Autonomous Mode (On/Off),Cruise Control (Active/Inactive),Shift Up PRND (Event),Shift Down PRND (Event),Quit (Event),Increase CC (Event),Decrease CC (Event),Steer (Value),Brake (On/Off),Gas (Value),Maximum Speed Recall (MPH),Average Speed (MPH),Current Speed (MPH),Motor PWM Value,Gear Mode,Cruise Control Target Speed (MPH),LiDAR Front Distance (m),LiDAR Left Distance (m),LiDAR Right Distance (m),LiDAR Back Distance (m),LiDAR Determined Direction,Target Heading (deg),Stop Reason,CPU Usage (%),Memory Usage (%),Number of LiDAR Points in Scan,Time Since Last Hall Sensor Pulse (s),CPU Temp (C),AEB Enabled (On/Off),AEB Triggered (On/Off),PID Output (Cruise Control),LiDAR Best Heading (deg),LiDAR Heading Confidence,LiDAR Forward Clearance (m),Camera Steering Bias,Camera Confidence,Camera Left Edge Found,Camera Right Edge Found,Camera Corridor Width (px),Driveway Cut Suspected
2026-04-25 13:17:28,3.82,0,0,0,0,0,0,0,0.00,1,0.00,0.00,0.00,0.00,0.00,P,0.00,2.48,12.00,1.87,12.00,^,0.00,,21.50,12.70,504,3.82,43.9,1,0,0.00,0.00,0.00,2.48,0.00,0.00,0,0,0.00,0
2026-04-25 13:17:29,4.82,0,0,0,0,0,0,0,0.00,1,0.00,0.00,0.00,0.00,0.00,P,0.00,12.00,12.00,1.89,12.00,^,0.00,,12.20,12.80,504,0.70,43.3,1,0,0.00,0.00,0.00,12.00,0.00,0.00,0,0,0.00,0
2026-04-25 13:17:30,5.84,0,0,0,0,0,0,0,0.00,1,0.00,0.00,0.00,0.00,0.00,P,0.00,12.00,12.00,1.89,12.00,^,0.00,,11.40,12.80,504,1.71,44.4,1,0,0.00,0.00,0.00,12.00,0.00,0.00,0,0,0.00,0
2026-04-25 13:17:31,6.85,0,0,0,0,0,0,0,0.00,1,0.00,0.00,0.00,0.00,0.00,P,0.00,12.00,12.00,1.89,12.00,^,0.00,,11.90,12.70,504,2.72,44.4,1,0,0.00,0.00,0.00,12.00,0.00,0.00,0,0,0.00,0
2026-04-25 13:17:32,7.86,0,0,0,0,0,0,0,0.00,1,0.00,0.00,0.00,0.00,0.00,P,0.00,12.00,12.00,1.85,12.00,^,0.00,,11.20,12.70,504,3.73,45.5,1,0,0.00,0.00,0.00,12.00,0.00,0.00,0,0,0.00,0
2026-04-25 13:17:33,8.88,0,0,0,0,0,0,0,0.00,1,0.00,0.00,0.00,0.00,0.00,P,0.00,2.53,12.00,1.86,12.00,^,0.00,,12.30,12.70,504,4.75,45.5,1,0,0.00,0.00,0.00,2.53,0.00,0.00,0,0,0.00,0
2026-04-25 13:17:34,9.88,0,0,0,0,0,0,0,0.00,1,0.00,0.00,0.00,0.00,0.00,P,0.00,12.00,12.00,1.79,12.00,^,0.00,,12.60,12.60,504,5.76,45.5,1,0,0.00,0.00,0.00,12.00,0.00,0.00,0,0,0.00,0
2026-04-25 13:17:35,10.90,0,0,0,0,0,0,0,0.00,1,0.00,0.00,0.00,0.00,0.00,P,0.00,2.28,12.00,1.88,12.00,^,0.00,,14.60,12.60,504,6.77,44.4,1,0,0.00,0.00,0.00,2.28,0.00,0.00,0,0,0.00,0
2026-04-25 13:17:36,11.91,0,0,0,0,0,0,0,0.00,1,0.00,0.00,0.00,0.00,0.00,P,0.00,12.00,12.00,1.87,1.87,^,0.00,,14.60,12.50,504,7.78,45.0,1,0,0.00,0.00,0.00,12.00,0.00,0.00,0,0,0.00,0
2026-04-25 13:17:37,13.02,0,0,0,0,0,0,0,0.00,1,0.00,0.00,0.00,0.00,0.00,P,0.00,12.00,12.00,1.90,1.15,^,0.00,,13.80,12.50,504,8.89,45.0,1,0,0.00,0.00,0.00,12.00,0.00,0.00,0,0,0.00,0
2026-04-25 13:17:38,13.92,0,0,0,0,0,0,0,0.00,1,0.00,0.00,0.00,0.00,0.00,P,0.00,12.00,12.00,1.89,1.09,^,0.00,,15.00,12.60,504,9.80,45.0,1,0,0.00,0.00,0.00,12.00,0.00,0.00,0,0,0.00,0
2026-04-25 13:17:39,14.94,0,0,0,0,0,0,0,0.00,1,0.00,0.00,0.00,0.00,0.00,P,0.00,12.00,12.00,1.89,1.09,^,0.00,,14.40,12.70,504,10.81,45.0,1,0,0.00,0.00,0.00,12.00,0.00,0.00,0,0,0.00,0
2026-04-25 13:17:40,15.95,0,0,0,0,0,0,0,0.00,1,0.00,0.00,0.00,0.00,0.00,P,0.00,12.00,12.00,1.89,1.00,^,0.00,,14.00,12.80,504,11.82,43.3,1,0,0.00,0.00,0.00,12.00,0.00,0.00,0,0,0.00,0
2026-04-25 13:17:41,16.96,0,0,0,0,0,0,0,-0.43,1,1.00,0.00,0.00,0.00,0.00,P,0.00,12.00,12.00,1.90,0.93,^,0.00,,13.90,13.10,504,12.83,45.5,1,0,0.00,0.00,0.00,12.00,0.00,0.00,0,0,0.00,0
2026-04-25 13:17:42,17.97,0,0,1,0,0,0,0,-0.20,0,1.00,0.00,0.00,0.00,0.00,N,0.00,12.00,12.00,1.87,0.91,^,0.00,,14.80,12.60,504,13.85,44.4,1,0,0.00,0.00,0.00,12.00,0.00,0.00,0,0,0.00,0
2026-04-25 13:17:43,18.98,0,0,0,0,0,0,0,0.00,0,0.00,0.00,0.00,0.00,0.00,N,0.00,12.00,12.00,1.89,0.87,^,0.00,,15.60,12.70,504,14.86,44.4,1,0,0.00,0.00,0.00,12.00,0.00,0.00,0,0,0.00,0
2026-04-25 13:17:44,19.99,0,0,0,0,0,0,0,0.00,0,0.00,0.00,0.00,0.00,0.00,N,0.00,12.00,12.00,1.90,0.87,^,0.00,,15.50,12.80,504,15.87,45.5,1,0,0.00,0.00,0.00,12.00,0.00,0.00,0,0,0.00,0
2026-04-25 13:17:45,21.01,1,0,0,0,0,0,0,-0.55,0,0.20,0.00,0.00,0.00,0.20,D,0.00,2.52,12.00,1.90,0.87,^,-33.01,,13.80,13.10,504,16.88,46.6,1,0,0.00,0.00,0.00,2.52,-0.55,1.00,0,0,0.00,0
2026-04-25 13:17:46,22.02,1,0,0,0,0,0,0,-0.55,0,0.20,0.01,0.00,0.00,0.20,D,0.00,2.59,12.00,1.90,0.87,^,-33.15,,14.40,13.10,504,0.03,44.4,1,0,0.00,0.00,0.00,2.59,-0.55,1.00,0,0,0.00,0
2026-04-25 13:17:47,23.03,1,0,0,0,0,0,0,-0.55,0,0.20,0.01,0.00,0.00,0.20,D,0.00,2.57,12.00,1.79,0.87,^,-32.92,,14.50,13.00,504,1.04,45.0,1,0,0.00,0.00,0.00,2.57,-0.55,1.00,0,0,0.00,0
2026-04-25 13:17:48,24.04,1,0,0,0,0,0,0,-0.55,0,0.20,0.01,0.00,0.00,0.20,D,0.00,2.42,12.00,1.90,0.87,^,-33.08,,14.30,13.10,504,2.05,44.4,1,0,0.00,0.00,0.00,2.42,-0.55,1.00,0,0,0.00,0
2026-04-25 13:17:49,25.05,1,0,0,0,0,0,0,-0.56,0,0.20,0.01,0.00,0.00,0.20,D,0.00,2.52,12.00,1.89,0.87,^,-33.36,,14.60,13.10,504,3.06,45.5,1,0,0.00,0.00,0.00,2.52,-0.56,1.00,0,0,0.00,0
2026-04-25 13:17:50,26.06,1,0,0,0,0,0,0,-0.54,0,0.20,0.05,0.00,0.00,0.20,D,0.00,12.00,12.00,1.91,0.94,^,-32.29,,14.00,13.00,504,0.30,45.5,1,0,0.00,0.00,0.00,12.00,-0.54,1.00,0,0,0.00,0
2026-04-25 13:17:51,27.07,1,0,0,0,0,0,0,-0.56,0,0.20,0.05,0.00,0.00,0.20,D,0.00,2.58,12.00,1.92,0.99,^,-33.42,,15.40,13.10,504,1.31,44.4,1,0,0.00,0.00,0.00,2.58,-0.56,1.00,0,0,0.00,0
2026-04-25 13:17:52,28.09,1,0,0,0,0,0,0,-0.55,0,0.20,0.05,0.00,0.00,0.20,D,0.00,2.58,12.00,1.91,0.99,^,-33.12,,14.50,13.00,504,0.01,44.4,1,0,0.00,0.00,0.00,2.58,-0.55,1.00,0,0,0.00,0
2026-04-25 13:17:53,29.10,1,0,0,0,0,0,0,-0.55,0,0.20,0.05,0.00,0.00,0.20,D,0.00,12.00,12.00,1.91,0.98,^,-32.95,,14.80,12.80,504,1.02,45.5,1,0,0.00,0.00,0.00,12.00,-0.55,1.00,0,0,0.00,0
2026-04-25 13:17:54,30.11,1,0,0,0,0,0,0,-0.55,0,0.20,0.05,0.00,0.00,0.20,D,0.00,12.00,12.00,1.92,0.99,^,-32.88,,14.30,12.60,504,0.65,44.4,1,0,0.00,0.00,0.00,12.00,-0.55,1.00,0,0,0.00,0
2026-04-25 13:17:55,31.12,1,0,0,0,0,0,0,-0.55,0,0.20,0.05,0.00,0.01,0.20,D,0.00,2.52,12.00,1.90,0.99,^,-32.97,,15.40,12.60,504,0.13,44.4,1,0,0.00,0.00,0.00,2.52,-0.55,1.00,0,0,0.00,0
2026-04-25 13:17:56,32.14,0,0,0,0,0,0,0,0.00,0,0.00,0.05,0.00,0.00,0.00,D,0.00,12.00,12.00,1.84,0.98,^,0.00,,15.30,12.60,504,1.14,45.0,1,0,0.00,0.00,0.00,12.00,0.00,0.00,0,0,0.00,0
2026-04-25 13:17:57,33.15,0,0,0,0,0,0,0,0.00,0,0.51,0.05,0.00,0.00,0.02,D,0.00,2.52,12.00,1.89,0.97,^,0.00,,15.30,12.60,504,2.16,45.5,1,0,0.00,0.00,0.00,2.52,0.00,0.00,0,0,0.00,0
2026-04-25 13:17:58,34.16,0,0,0,0,0,0,0,-1.00,0,1.00,0.08,0.00,0.08,0.53,D,0.00,12.00,12.00,1.93,0.92,^,0.00,,14.00,12.60,504,0.01,45.0,1,0,0.00,0.00,0.00,12.00,0.00,0.00,0,0,0.00,0
2026-04-25 13:18:00,35.27,0,0,0,0,0,0,0,0.00,0,0.83,0.82,0.02,0.82,0.61,D,0.00,12.00,12.00,12.00,0.82,^,0.00,,14.80,12.50,504,0.00,44.4,1,0,0.00,0.00,0.00,12.00,0.00,0.00,0,0,0.00,0
2026-04-25 13:18:00,36.17,0,0,0,0,0,0,0,0.55,0,0.63,1.39,0.05,1.38,0.48,D,0.00,12.00,12.00,12.00,0.63,^,0.00,,17.90,12.40,504,0.00,45.0,1,0,0.00,0.00,0.00,12.00,0.00,0.00,0,0,0.00,0
2026-04-25 13:18:01,37.19,0,0,0,0,0,0,0,0.60,0,0.00,1.53,0.09,1.20,0.01,D,0.00,12.00,12.00,12.00,0.58,^,0.00,,16.70,12.50,504,0.00,45.5,1,0,0.00,0.00,0.00,12.00,0.00,0.00,0,0,0.00,0
2026-04-25 13:18:02,38.20,0,1,0,0,0,0,0,0.00,0,0.00,1.53,0.10,0.03,0.18,D,0.41,12.00,12.00,2.41,0.75,^,0.00,,15.80,12.90,504,0.10,45.5,1,0,0.19,0.00,0.00,12.00,0.00,0.00,0,0,0.00,0
2026-04-25 13:18:03,39.21,0,1,0,0,0,0,0,0.00,0,0.00,1.53,0.10,0.00,0.24,D,0.41,12.00,12.00,2.44,0.81,^,0.00,,14.60,12.70,504,0.56,45.5,1,0,0.24,0.00,0.00,12.00,0.00,0.00,0,0,0.00,0
2026-04-25 13:18:05,40.22,1,0,0,0,0,0,0,0.33,0,0.20,1.53,0.10,0.37,0.60,D,0.41,12.00,12.00,2.45,0.86,^,19.92,,14.10,12.60,504,0.00,45.5,1,0,0.00,0.00,0.00,12.00,0.33,1.00,0,0,0.00,0
2026-04-25 13:18:06,41.33,1,0,0,0,0,0,0,0.23,0,1.00,2.11,0.12,2.11,0.93,D,0.41,12.00,12.00,2.19,1.23,^,13.79,,16.20,12.60,504,0.00,46.1,1,0,0.00,0.00,0.00,12.00,0.23,1.00,0,0,0.00,0
2026-04-25 13:18:07,42.23,1,0,0,0,0,0,0,0.25,0,0.20,3.77,0.20,3.74,0.99,D,0.41,12.00,12.00,2.29,1.94,^,15.01,,17.30,12.60,504,0.00,45.5,1,0,0.00,0.00,0.00,12.00,0.25,1.00,0,0,0.00,0
2026-04-25 13:18:08,43.24,0,0,0,0,0,0,0,-0.52,1,0.00,3.99,0.29,3.78,0.00,D,0.41,1.04,1.13,12.00,1.15,STOP_WARNING,0.00,aeb_stop,18.20,12.70,504,0.00,45.0,1,1,0.00,0.00,0.00,1.04,0.00,0.00,0,0,0.00,0
2026-04-25 13:18:09,44.25,0,0,0,0,0,0,0,0.00,1,1.00,3.99,0.30,0.00,0.00,D,0.41,12.00,12.00,12.00,2.34,^,0.00,,15.60,12.70,504,0.37,45.5,1,0,0.00,0.00,0.00,12.00,0.00,0.00,0,0,0.00,0
2026-04-25 13:18:10,45.26,0,0,0,0,0,0,0,-0.83,1,1.00,3.99,0.29,0.00,0.00,D,0.41,12.00,12.00,12.00,1.31,^,0.00,,17.30,12.70,504,1.38,45.5,1,0,0.00,0.00,0.00,12.00,0.00,0.00,0,0,0.00,0
2026-04-25 13:18:11,46.26,0,0,1,0,0,0,0,-0.99,0,1.00,3.99,0.28,0.00,0.18,D,0.41,12.00,12.00,12.00,0.81,^,0.00,,16.40,12.60,504,2.38,46.1,1,0,0.00,0.00,0.00,12.00,0.00,0.00,0,0,0.00,0
2026-04-25 13:18:12,47.38,0,0,0,0,0,0,0,0.26,0,1.00,3.99,0.28,0.11,0.68,D,0.41,12.00,12.00,12.00,0.83,^,0.00,,16.60,12.70,504,0.00,46.1,1,0,0.00,0.00,0.00,12.00,0.00,0.00,0,0,0.00,0
2026-04-25 13:18:13,48.28,0,0,0,0,0,0,0,1.00,0,1.00,3.99,0.30,2.04,0.65,D,0.41,12.00,12.00,12.00,1.15,^,0.00,,15.60,12.70,504,0.00,45.5,1,0,0.00,0.00,0.00,12.00,0.00,0.00,0,0,0.00,0
2026-04-25 13:18:14,49.29,0,0,0,0,0,0,0,-1.00,0,1.00,3.99,0.34,2.60,1.00,D,0.41,12.00,12.00,12.00,1.92,^,0.00,,16.50,12.60,504,0.00,46.1,1,0,0.00,0.00,0.00,12.00,0.00,0.00,0,0,0.00,0
2026-04-25 13:18:15,50.30,0,0,0,0,0,0,0,-0.26,0,1.00,3.99,0.39,3.39,1.00,D,0.41,12.00,12.00,12.00,2.52,^,0.00,,17.00,12.60,504,0.00,46.1,1,0,0.00,0.00,0.00,12.00,0.00,0.00,0,0,0.00,0
2026-04-25 13:18:16,51.31,0,0,0,0,0,0,0,-0.25,0,1.00,3.99,0.45,3.65,1.00,D,0.41,12.00,2.91,12.00,12.00,^,0.00,,18.40,12.60,504,0.00,46.1,1,0,0.00,0.00,0.00,12.00,0.00,0.00,0,0,0.00,0
2026-04-25 13:18:17,52.32,0,0,0,0,0,0,0,0.00,0,0.32,3.99,0.51,3.31,0.88,D,0.41,12.00,2.29,12.00,12.00,^,0.00,,16.40,12.50,504,0.00,46.1,1,0,0.00,0.00,0.00,12.00,0.00,0.00,0,0,0.00,0
2026-04-25 13:18:18,53.34,0,0,0,0,0,0,0,0.29,0,0.61,3.99,0.56,2.18,0.36,D,0.41,12.00,1.43,12.00,1.11,^,0.00,,15.80,12.50,504,0.00,46.1,1,0,0.00,0.00,0.00,12.00,0.00,0.00,0,0,0.00,0
2026-04-25 13:18:19,54.35,0,0,0,0,0,0,0,0.20,0,1.00,3.99,0.55,0.07,0.86,D,0.41,12.00,1.08,12.00,1.09,^,0.00,,17.00,12.50,504,0.00,46.6,1,0,0.00,0.00,0.00,12.00,0.00,0.00,0,0,0.00,0
2026-04-25 13:18:20,55.46,0,0,0,0,0,0,0,0.62,0,0.00,3.99,0.57,2.26,0.66,D,0.41,12.00,12.00,12.00,0.85,^,0.00,,16.90,12.50,504,0.00,46.1,1,0,0.00,0.00,0.00,12.00,0.00,0.00,0,0,0.00,0
2026-04-25 13:18:21,56.36,0,0,0,0,0,0,0,0.00,0,1.00,3.99,0.59,0.97,0.30,D,0.41,12.00,2.54,12.00,1.07,^,0.00,,18.70,12.50,504,0.00,46.6,1,0,0.00,0.00,0.00,12.00,0.00,0.00,0,0,0.00,0
2026-04-25 13:18:22,57.47,0,0,0,0,0,0,0,0.76,0,1.00,3.99,0.59,0.80,0.81,D,0.41,12.00,12.00,12.00,0.57,^,0.00,,14.30,12.50,504,0.00,46.1,1,0,0.00,0.00,0.00,12.00,0.00,0.00,0,0,0.00,0
2026-04-25 13:18:23,58.38,0,0,0,0,0,0,0,0.00,0,0.37,3.99,0.61,2.64,0.62,D,0.41,12.00,12.00,12.00,0.76,^,0.00,,19.30,12.40,504,0.00,45.0,1,0,0.00,0.00,0.00,12.00,0.00,0.00,0,0,0.00,0
2026-04-25 13:18:24,59.39,0,0,0,0,0,0,0,0.00,0,1.00,3.99,0.64,2.99,1.00,D,0.41,12.00,12.00,12.00,0.83,^,0.00,,16.30,12.50,504,0.00,46.1,1,0,0.00,0.00,0.00,12.00,0.00,0.00,0,0,0.00,0
2026-04-25 13:18:25,60.40,0,0,0,0,0,0,0,0.00,0,0.00,3.99,0.69,3.66,0.89,D,0.41,12.00,12.00,12.00,1.37,^,0.00,,16.20,12.50,504,0.00,46.1,1,0,0.00,0.00,0.00,12.00,0.00,0.00,0,0,0.00,0
2026-04-25 13:18:26,61.51,0,0,0,0,0,0,0,-1.00,0,1.00,3.99,0.73,1.97,0.98,D,0.41,12.00,12.00,12.00,1.42,^,0.00,,16.50,12.40,504,0.00,44.4,1,0,0.00,0.00,0.00,12.00,0.00,0.00,0,0,0.00,0
2026-04-25 13:18:27,62.42,0,0,0,0,0,0,0,0.00,0,1.00,3.99,0.75,2.35,0.88,D,0.41,12.00,0.92,12.00,12.00,^,0.00,,14.70,12.40,504,0.00,46.1,1,0,0.00,0.00,0.00,12.00,0.00,0.00,0,0,0.00,0
2026-04-25 13:18:28,63.53,0,0,0,0,0,0,0,0.00,1,0.00,3.99,0.78,2.97,0.00,D,0.41,12.00,12.00,2.66,0.72,^,0.00,,16.40,12.40,504,0.00,45.5,1,0,0.00,0.00,0.00,12.00,0.00,0.00,0,0,0.00,0
2026-04-25 13:18:29,64.43,0,0,0,0,0,0,0,0.00,0,0.00,3.99,0.78,0.00,0.00,D,0.41,12.00,12.00,2.23,0.71,^,0.00,,12.90,12.30,504,0.39,46.6,1,0,0.00,0.00,0.00,12.00,0.00,0.00,0,0,0.00,0
2026-04-25 13:18:30,65.55,1,0,0,0,0,0,0,-0.26,0,0.20,3.99,0.77,0.00,0.08,D,0.41,12.00,12.00,2.27,0.72,^,-15.59,,11.70,12.30,504,1.50,45.5,1,0,0.00,0.00,0.00,12.00,-0.26,1.00,0,0,0.00,0
2026-04-25 13:18:31,66.45,1,0,0,0,0,0,0,-0.28,0,0.20,3.99,0.76,0.00,0.20,D,0.41,12.00,12.00,2.23,0.71,^,-16.85,,12.50,12.30,504,2.40,46.6,1,0,0.00,0.00,0.00,12.00,-0.28,1.00,0,0,0.00,0
2026-04-25 13:18:32,67.56,0,0,0,0,0,0,0,0.00,0,0.83,3.99,0.75,0.02,0.28,D,0.41,12.00,12.00,2.23,0.71,^,0.00,,12.80,12.20,504,0.04,46.6,1,0,0.00,0.00,0.00,12.00,0.00,0.00,0,0,0.00,0
2026-04-25 13:18:33,68.46,0,0,0,0,0,0,0,0.00,0,0.50,3.99,0.74,0.80,0.67,D,0.41,12.00,12.00,2.21,0.79,^,0.00,,14.30,12.20,504,0.00,47.2,1,0,0.00,0.00,0.00,12.00,0.00,0.00,0,0,0.00,0
2026-04-25 13:18:34,69.47,1,0,0,0,0,0,0,-0.18,0,1.00,3.99,0.75,1.63,0.77,D,0.41,12.00,12.00,2.14,1.35,^,-10.70,,15.40,12.20,504,0.00,47.2,1,0,0.00,0.00,0.00,12.00,-0.18,1.00,0,0,0.00,0
2026-04-25 13:18:35,70.48,1,0,0,0,0,0,0,0.10,0,1.00,3.99,0.77,3.46,1.00,D,0.41,12.00,12.00,2.33,2.33,^,6.09,,15.00,12.20,504,0.00,46.1,1,0,0.00,0.00,0.00,12.00,0.10,1.00,0,0,0.00,0
2026-04-25 13:18:36,71.49,1,0,0,0,0,0,0,0.33,0,0.20,3.99,0.82,3.99,0.88,D,0.41,12.00,12.00,2.39,12.00,^,19.60,,14.20,12.20,504,0.00,47.7,1,0,0.00,0.00,0.00,12.00,0.33,1.00,0,0,0.00,0
2026-04-25 13:18:37,72.51,1,0,0,0,0,0,0,-0.12,0,1.00,4.02,0.86,3.31,0.91,D,0.41,12.00,12.00,2.13,12.00,^,-7.17,,15.20,12.10,504,0.00,48.3,1,0,0.00,0.00,0.00,12.00,-0.12,1.00,0,0,0.00,0
2026-04-25 13:18:38,73.62,0,0,0,0,0,0,0,-0.37,0,1.00,4.02,0.90,3.86,1.00,D,0.41,12.00,12.00,2.47,2.57,^,0.00,,14.20,12.20,504,0.00,48.3,1,0,0.00,0.00,0.00,12.00,0.00,0.00,0,0,0.00,0
2026-04-25 13:18:39,74.52,0,0,0,0,0,0,0,0.00,1,0.00,4.02,0.91,0.00,0.00,D,0.41,12.00,12.00,12.00,12.00,^,0.00,,14.90,12.20,504,0.09,47.7,1,0,0.00,0.00,0.00,12.00,0.00,0.00,0,0,0.00,0
2026-04-25 13:18:40,75.63,0,0,1,0,0,0,0,-0.62,0,0.00,4.02,0.89,0.00,0.00,D,0.41,12.00,12.00,12.00,12.00,^,0.00,,14.30,12.20,504,0.65,47.2,1,0,0.00,0.00,0.00,12.00,0.00,0.00,0,0,0.00,0
2026-04-25 13:18:41,76.54,0,0,1,0,0,0,0,-0.40,0,1.00,4.02,0.88,0.00,0.31,D,0.41,12.00,12.00,12.00,12.00,^,0.00,,15.20,12.20,504,1.55,47.2,1,0,0.00,0.00,0.00,12.00,0.00,0.00,0,0,0.00,0
2026-04-25 13:18:42,77.65,0,0,1,0,0,0,0,-0.10,0,1.00,4.02,0.87,0.00,0.15,D,0.41,12.00,12.00,12.00,12.00,^,0.00,,15.90,12.20,504,0.38,46.6,1,0,0.00,0.00,0.00,12.00,0.00,0.00,0,0,0.00,0
2026-04-25 13:18:43,78.55,0,0,0,0,0,0,0,-0.79,0,1.00,4.02,0.86,0.07,0.65,D,0.41,12.00,12.00,12.00,12.00,^,0.00,,15.20,12.20,504,0.01,47.2,1,0,0.00,0.00,0.00,12.00,0.00,0.00,0,0,0.00,0
2026-04-25 13:18:44,79.57,0,0,0,0,0,0,0,-0.10,0,0.03,4.02,0.86,2.27,0.85,D,0.41,12.00,12.00,12.00,12.00,^,0.00,,16.80,12.20,504,0.00,45.5,1,0,0.00,0.00,0.00,12.00,0.00,0.00,0,0,0.00,0
2026-04-25 13:18:45,80.58,0,0,0,0,0,0,0,-0.43,0,1.00,4.02,0.88,3.05,1.00,D,0.41,12.00,2.70,12.00,12.00,^,0.00,,18.00,12.20,504,0.00,46.6,1,0,0.00,0.00,0.00,12.00,0.00,0.00,0,0,0.00,0
2026-04-25 13:18:46,81.69,0,0,0,0,0,0,0,0.21,0,1.00,4.02,0.91,3.72,1.00,D,0.41,12.00,2.29,12.00,12.00,^,0.00,,20.50,12.20,504,0.00,45.5,1,0,0.00,0.00,0.00,12.00,0.00,0.00,0,0,0.00,0
2026-04-25 13:18:47,82.60,0,0,0,0,0,0,0,0.00,0,1.00,4.02,0.95,3.69,1.00,D,0.41,12.00,12.00,12.00,2.08,^,0.00,,16.90,12.20,504,0.00,45.5,1,0,0.00,0.00,0.00,12.00,0.00,0.00,0,0,0.00,0
2026-04-25 13:18:48,83.61,0,0,0,0,0,0,0,0.00,0,1.00,4.02,0.98,3.71,1.00,D,0.41,12.00,12.00,12.00,2.37,^,0.00,,16.00,12.20,504,0.00,45.0,1,0,0.00,0.00,0.00,12.00,0.00,0.00,0,0,0.00,0
2026-04-25 13:18:49,84.62,0,0,0,0,0,0,0,0.00,0,1.00,4.04,1.02,3.74,1.00,D,0.41,12.00,12.00,1.04,0.92,^,0.00,,18.00,12.10,504,0.00,45.0,1,0,0.00,0.00,0.00,12.00,0.00,0.00,0,0,0.00,0
2026-04-25 13:18:50,85.63,0,0,0,0,0,0,0,-0.29,0,1.00,4.04,1.04,3.44,1.00,D,0.41,12.00,12.00,12.00,2.31,^,0.00,,20.00,12.20,504,0.00,46.1,1,0,0.00,0.00,0.00,12.00,0.00,0.00,0,0,0.00,0
2026-04-25 13:18:51,86.63,0,0,0,0,0,0,0,0.00,0,1.00,4.04,1.07,3.28,1.00,D,0.41,12.00,12.00,12.00,2.01,^,0.00,,17.00,12.20,504,0.00,45.5,1,0,0.00,0.00,0.00,12.00,0.00,0.00,0,0,0.00,0
2026-04-25 13:18:52,87.65,0,0,0,0,0,0,0,0.35,0,1.00,4.04,1.09,3.11,1.00,D,0.41,12.00,12.00,12.00,1.81,^,0.00,,16.20,12.20,504,0.00,46.1,1,0,0.00,0.00,0.00,12.00,0.00,0.00,0,0,0.00,0
2026-04-25 13:18:53,88.66,0,0,0,0,0,0,0,0.00,0,0.00,4.04,1.12,3.09,0.92,D,0.41,12.00,12.00,12.00,1.99,^,0.00,,16.90,12.20,504,0.00,46.6,1,0,0.00,0.00,0.00,12.00,0.00,0.00,0,0,0.00,0
2026-04-25 13:18:54,89.67,0,0,0,0,0,0,0,1.00,0,1.00,4.04,1.13,2.04,1.00,D,0.41,7.15,12.00,12.00,1.65,^,0.00,,16.20,12.20,504,0.00,46.6,1,0,0.00,0.00,0.00,7.15,0.00,0.00,0,0,0.00,0
2026-04-25 13:18:55,90.69,0,0,0,0,0,0,0,1.00,0,0.44,4.04,1.15,3.75,0.96,D,0.41,12.00,4.77,1.59,1.58,^,0.00,,17.10,12.20,504,0.00,47.2,1,0,0.00,0.00,0.00,12.00,0.00,0.00,0,0,0.00,0
2026-04-25 13:18:56,91.70,0,0,0,0,0,0,0,0.41,0,0.00,4.04,1.18,3.99,0.35,D,0.41,12.00,12.00,12.00,0.91,^,0.00,,17.40,12.10,504,0.00,46.6,1,0,0.00,0.00,0.00,12.00,0.00,0.00,0,0,0.00,0
2026-04-25 13:18:57,92.71,0,0,0,0,0,0,0,0.44,0,1.00,4.10,1.19,0.88,0.16,D,0.41,12.00,12.00,12.00,0.87,^,0.00,,14.10,12.10,504,0.00,46.1,1,0,0.00,0.00,0.00,12.00,0.00,0.00,0,0,0.00,0
2026-04-25 13:18:58,93.73,0,0,0,0,0,0,0,0.00,1,0.00,4.10,1.19,0.50,0.00,D,0.41,12.00,12.00,12.00,0.80,^,0.00,,16.50,12.10,504,0.00,45.0,1,0,0.00,0.00,0.00,12.00,0.00,0.00,0,0,0.00,0
2026-04-25 13:18:59,94.74,0,0,0,0,0,0,0,0.00,1,0.00,4.10,1.18,0.00,0.00,D,0.41,12.00,12.00,12.00,0.83,^,0.00,,14.90,12.20,504,0.02,45.5,1,0,0.00,0.00,0.00,12.00,0.00,0.00,0,0,0.00,0
2026-04-25 13:19:00,95.75,0,0,0,0,0,0,0,0.00,0,1.00,4.10,1.17,0.00,0.06,D,0.41,12.00,12.00,12.00,0.91,^,0.00,,13.90,12.20,504,0.94,46.1,1,0,0.00,0.00,0.00,12.00,0.00,0.00,0,0,0.00,0
2026-04-25 13:19:01,96.76,0,0,0,0,0,0,0,0.56,0,0.00,4.10,1.15,0.39,0.39,D,0.41,12.00,12.00,12.00,0.95,^,0.00,,15.00,12.10,504,0.00,46.1,1,0,0.00,0.00,0.00,12.00,0.00,0.00,0,0,0.00,0
2026-04-25 13:19:02,97.87,0,0,0,0,0,0,0,0.56,0,0.57,4.10,1.15,0.09,0.36,D,0.41,12.00,3.08,12.00,1.09,^,0.00,,15.40,12.20,504,0.00,45.0,1,0,0.00,0.00,0.00,12.00,0.00,0.00,0,0,0.00,0
2026-04-25 13:19:03,98.78,0,0,0,0,0,0,0,0.00,0,0.13,4.10,1.14,0.10,0.13,D,0.41,12.00,3.05,12.00,0.79,^,0.00,,15.00,12.20,504,0.05,46.1,1,0,0.00,0.00,0.00,12.00,0.00,0.00,0,0,0.00,0
2026-04-25 13:19:04,99.89,0,0,0,0,0,0,0,0.00,0,0.00,4.10,1.12,0.00,0.00,D,0.41,12.00,3.05,12.00,0.65,^,0.00,,16.50,12.20,504,1.08,45.5,1,0,0.00,0.00,0.00,12.00,0.00,0.00,0,0,0.00,0
2026-04-25 13:19:05,100.80,0,0,0,0,0,0,0,0.86,0,1.00,4.10,1.11,0.01,0.50,D,0.41,12.00,3.05,12.00,0.67,^,0.00,,15.90,12.20,504,0.11,46.1,1,0,0.00,0.00,0.00,12.00,0.00,0.00,0,0,0.00,0
2026-04-25 13:19:06,101.81,0,0,0,0,0,0,0,0.91,0,0.74,4.10,1.11,1.48,0.87,D,0.41,12.00,12.00,12.00,0.60,^,0.00,,15.10,12.20,504,0.00,46.1,1,0,0.00,0.00,0.00,12.00,0.00,0.00,0,0,0.00,0
2026-04-25 13:19:07,102.82,0,0,1,0,0,0,0,0.00,0,1.00,4.10,1.11,0.28,0.47,D,0.41,12.00,12.00,12.00,0.59,^,0.00,,17.10,12.10,504,0.04,46.6,1,0,0.00,0.00,0.00,12.00,0.00,0.00,0,0,0.00,0
2026-04-25 13:19:08,103.84,0,0,0,0,0,0,0,-0.79,0,0.00,4.10,1.10,0.76,0.73,D,0.41,12.00,12.00,12.00,0.52,^,0.00,,13.70,12.10,504,0.00,45.5,1,0,0.00,0.00,0.00,12.00,0.00,0.00,0,0,0.00,0
2026-04-25 13:19:09,104.85,0,0,1,0,0,0,0,0.00,0,0.00,4.10,1.09,0.42,0.36,D,0.41,12.00,12.00,12.00,0.69,^,0.00,,12.70,12.20,504,0.00,47.2,1,0,0.00,0.00,0.00,12.00,0.00,0.00,0,0,0.00,0
2026-04-25 13:19:10,105.86,0,0,0,0,0,0,0,0.00,0,0.00,4.10,1.08,0.00,0.00,D,0.41,12.00,12.00,12.00,0.50,^,0.00,,13.70,12.20,504,0.40,46.1,1,0,0.00,0.00,0.00,12.00,0.00,0.00,0,0,0.00,0
2026-04-25 13:19:11,106.88,0,0,0,0,0,0,0,0.00,0,0.00,4.10,1.07,0.00,0.00,D,0.41,12.00,12.00,12.00,0.28,^,0.00,,12.50,12.20,504,1.41,47.7,1,0,0.00,0.00,0.00,12.00,0.00,0.00,0,0,0.00,0
2026-04-25 13:19:12,107.99,0,0,0,0,0,0,0,0.00,0,0.00,4.10,1.06,0.00,0.00,D,0.41,12.00,12.00,0.17,0.32,^,0.00,,11.00,12.10,504,2.52,47.7,1,0,0.00,0.00,0.00,12.00,0.00,0.00,0,0,0.00,0
2026-04-25 13:19:13,108.89,0,0,0,0,0,0,0,0.00,0,0.00,4.10,1.05,0.00,0.00,D,0.41,12.00,12.00,0.17,0.20,^,0.00,,14.20,12.20,504,3.43,47.7,1,0,0.00,0.00,0.00,12.00,0.00,0.00,0,0,0.00,0
2026-04-25 13:19:14,109.90,0,0,0,0,0,0,0,0.00,0,0.00,4.10,1.04,0.00,0.00,D,0.41,12.00,12.00,0.17,0.17,^,0.00,,15.10,12.20,504,0.28,46.6,1,0,0.00,0.00,0.00,12.00,0.00,0.00,0,0,0.00,0
2026-04-25 13:19:15,110.91,0,0,0,0,0,0,0,0.00,0,0.00,4.10,1.03,0.00,0.00,D,0.41,12.00,12.00,0.20,0.19,^,0.00,,14.60,12.20,504,1.29,45.0,1,0,0.00,0.00,0.00,12.00,0.00,0.00,0,0,0.00,0
2026-04-25 13:19:16,112.02,0,0,0,0,0,0,0,1.00,0,0.26,4.10,1.02,0.00,0.09,D,0.41,12.00,12.00,0.56,0.55,^,0.00,,15.70,12.10,504,2.40,45.5,1,0,0.00,0.00,0.00,12.00,0.00,0.00,0,0,0.00,0
2026-04-25 13:19:17,112.93,0,0,1,0,0,0,0,0.97,0,1.00,4.10,1.02,0.00,0.07,D,0.41,12.00,12.00,0.58,0.58,^,0.00,,15.20,12.10,504,0.62,46.6,1,0,0.00,0.00,0.00,12.00,0.00,0.00,0,0,0.00,0
2026-04-25 13:19:18,113.45,0,0,0,0,1,0,0,0.00,0,0.00,4.10,1.01,0.00,0.00,D,0.41,12.00,12.00,0.58,0.58,^,0.00,,14.20,12.20,504,1.15,45.0,1,0,0.00,0.00,0.00,12.00,0.00,0.00,0,0,0.00,0
